station_code,people_in,people_out,geo.latitude,geo.longitude
150.0,257912.0,235874.0,37.554648,126.972559
151.0,122293.0,117918.0,37.564718,126.977108
152.0,200166.0,187788.0,37.570161,126.982923
153.0,144951.0,132682.0,37.571607,126.991806
154.0,134523.0,133091.0,37.570926,127.001849
155.0,78278.0,74919.0,37.57142,127.009745
156.0,90213.0,89973.0,37.575297,127.025087
157.0,112295.0,115375.0,37.578103,127.034893
158.0,139176.0,138502.0,37.580178,127.046835
159.0,66854.0,69075.0,37.572627,127.016429
201.0,133905.0,127638.0,37.564718,126.977108
202.0,242315.0,242522.0,37.566014,126.982618
203.0,125079.0,121326.0,37.566295,126.99191
204.0,80334.0,77777.0,37.566941,126.998079
205.0,80111.0,88789.0,37.565138,127.007896
206.0,94349.0,98046.0,37.565972,127.01782
207.0,92051.0,91222.0,37.564354,127.029354
208.0,102406.0,85719.0,37.561533,127.037732
209.0,44653.0,45135.0,37.555273,127.043655
210.0,127969.0,136027.0,37.547184,127.047367
211.0,212743.0,228074.0,37.544581,127.055961
212.0,224098.0,239353.0,37.540693,127.07023
213.0,157879.0,159518.0,37.537077,127.085916
214.0,197259.0,192799.0,37.535095,127.094681
215.0,88193.0,86638.0,37.520733,127.10379
216.0,422465.0,416141.0,37.51395,127.102234
217.0,137035.0,138161.0,37.511687,127.086162
218.0,43484.0,46444.0,37.510997,127.073642
219.0,312958.0,307847.0,37.508844,127.06316
220.0,342613.0,301102.0,37.504503,127.049008
221.0,314496.0,331003.0,37.500622,127.036456
222.0,506682.0,485218.0,37.497175,127.027926
223.0,205637.0,223802.0,37.493415,127.01408
224.0,129539.0,125150.0,37.491897,127.007917
225.0,107542.0,111224.0,37.481426,126.997596
226.0,239161.0,254393.0,37.47653,126.981685
227.0,187478.0,186633.0,37.47693,126.963693
228.0,317904.0,314892.0,37.481247,126.952739
229.0,165098.0,159623.0,37.482362,126.941892
230.0,446137.0,442071.0,37.484201,126.929715
231.0,184055.0,182676.0,37.487462,126.913149
232.0,401354.0,403254.0,37.485266,126.901401
233.0,173367.0,177647.0,37.49297,126.895801
234.0,326722.0,318998.0,37.508725,126.891295
235.0,133105.0,135487.0,37.517933,126.89476
236.0,150127.0,151782.0,37.52497,126.895951
237.0,117222.0,133773.0,37.53438,126.902281
238.0,188589.0,193569.0,37.549463,126.913739
239.0,304957.0,311340.0,37.557192,126.925381
240.0,203313.0,208182.0,37.555134,126.936893
241.0,72050.0,75074.0,37.556733,126.946013
242.0,66343.0,65935.0,37.557345,126.956141
243.0,63849.0,65971.0,37.559973,126.963672
244.0,19276.0,19354.0,37.561904,127.050899
245.0,10617.0,12306.0,37.57004,127.046481
246.0,25382.0,25584.0,37.575297,127.025087
247.0,9968.0,10206.0,37.514287,126.882768
248.0,43972.0,47705.0,37.512398,126.865819
249.0,65787.0,69665.0,37.520074,126.852912
250.0,16185.0,17086.0,37.574028,127.038091
309.0,22298.0,22366.0,37.648048,126.913951
310.0,134247.0,129858.0,37.636763,126.918821
311.0,254489.0,243537.0,37.619001,126.921008
312.0,109871.0,119988.0,37.610469,126.929887
313.0,97642.0,90912.0,37.600927,126.935756
314.0,114433.0,112278.0,37.589066,126.943736
315.0,26502.0,27480.0,37.582299,126.950291
316.0,44847.0,47321.0,37.574571,126.957748
317.0,107135.0,104787.0,37.575762,126.97353
318.0,104008.0,104947.0,37.576477,126.985443
319.0,57727.0,65984.0,37.571607,126.991806
320.0,63806.0,64969.0,37.566295,126.99191
321.0,0.0,0.0,37.561243,126.99428
322.0,49329.0,51755.0,37.559052,127.005602
323.0,84446.0,83307.0,37.55434,127.010655
324.0,55806.0,53907.0,37.548034,127.015872
325.0,60496.0,64095.0,37.540685,127.017965
326.0,212412.0,218440.0,37.527072,127.028461
327.0,205860.0,208519.0,37.516334,127.020114
328.0,30630.0,30666.0,37.512759,127.01122
329.0,285785.0,268000.0,37.50481,127.004943
330.0,82291.0,54891.0,37.493415,127.01408
331.0,194011.0,194450.0,37.485013,127.016189
332.0,244128.0,258456.0,37.484147,127.034631
333.0,81238.0,76848.0,37.486947,127.046769
334.0,36185.0,36449.0,37.490858,127.055381
335.0,73682.0,71851.0,37.494612,127.063642
336.0,12004.0,12221.0,37.496663,127.070594
337.0,63671.0,59597.0,37.493514,127.079532
338.0,64445.0,64801.0,37.483681,127.08439
339.0,110154.0,112609.0,37.487371,127.10188
340.0,61490.0,59932.0,37.492522,127.118234
341.0,52584.0,53218.0,37.495918,127.12454
342.0,41424.0,38184.0,37.502162,127.128111
409.0,85018.0,80122.0,37.670272,127.079066
410.0,130406.0,123664.0,37.660878,127.073572
411.0,127964.0,141988.0,37.655128,127.061368
412.0,173764.0,186094.0,37.653166,127.047731
413.0,201796.0,189566.0,37.648627,127.034709
414.0,236490.0,236677.0,37.638052,127.025732
415.0,101777.0,100531.0,37.62667,127.025983
416.0,190798.0,189687.0,37.613292,127.030053
417.0,129849.0,129792.0,37.603407,127.025053
418.0,131706.0,129074.0,37.592624,127.016403
419.0,86094.0,86796.0,37.588458,127.006221
420.0,187541.0,183800.0,37.582336,127.001844
421.0,122180.0,125402.0,37.57142,127.009745
422.0,97104.0,90178.0,37.565138,127.007896
423.0,161664.0,164314.0,37.561243,126.99428
424.0,106089.0,107826.0,37.560989,126.986325
425.0,139323.0,142342.0,37.558514,126.978246
426.0,65297.0,88418.0,37.554648,126.972559
427.0,79258.0,79083.0,37.54456,126.972106
428.0,29418.0,32653.0,37.534777,126.97311
429.0,97631.0,99332.0,37.52917,126.967894
430.0,43058.0,48597.0,37.522272,126.974345
431.0,20533.0,23154.0,37.502971,126.979306
432.0,128042.0,139213.0,37.486263,126.981989
433.0,159236.0,136693.0,37.47653,126.981685
434.0,9733.0,8043.0,37.463873,126.989134
2511.0,45625.0,43767.0,37.577446,126.812741
2512.0,30808.0,30510.0,37.572399,126.806171
2513.0,46799.0,43491.0,37.562434,126.801058
2514.0,39592.0,38179.0,37.561184,126.811973
2515.0,52084.0,50747.0,37.560183,126.825448
2516.0,103514.0,104810.0,37.558598,126.837668
2517.0,78029.0,80103.0,37.548768,126.836318
2518.0,166443.0,158313.0,37.541513,126.840461
2519.0,174648.0,173351.0,37.531768,126.846683
2520.0,81812.0,67932.0,37.524997,126.856191
2521.0,96349.0,106136.0,37.526065,126.864931
2522.0,129363.0,137535.0,37.524496,126.875181
2523.0,42811.0,43728.0,37.525648,126.885778
2524.0,24100.0,24151.0,37.52497,126.895951
2525.0,55148.0,57028.0,37.522669,126.905139
2526.0,23352.0,26542.0,37.517122,126.917169
2527.0,139151.0,141507.0,37.521624,126.924191
2528.0,41193.0,41508.0,37.527098,126.932901
2529.0,78434.0,79989.0,37.539574,126.945932
2530.0,75066.0,79843.0,37.544018,126.951592
2531.0,37728.0,38534.0,37.553736,126.95682
2532.0,25632.0,26125.0,37.559973,126.963672
2533.0,96498.0,97699.0,37.565773,126.966641
2534.0,157506.0,159571.0,37.571026,126.976669
2535.0,57419.0,56054.0,37.571607,126.991806
2536.0,31479.0,31978.0,37.566941,126.998079
2537.0,16200.0,18287.0,37.565138,127.007896
2538.0,23316.0,21741.0,37.560245,127.013828
2539.0,37263.0,39227.0,37.554548,127.020331
2540.0,48765.0,44607.0,37.557322,127.029476
2541.0,27893.0,29847.0,37.561533,127.037732
2542.0,33276.0,32005.0,37.5661,127.042973
2543.0,98155.0,93297.0,37.566747,127.052704
2544.0,107395.0,108020.0,37.56144,127.064623
2545.0,66673.0,73570.0,37.557121,127.079542
2546.0,89178.0,90347.0,37.551691,127.089761
2547.0,76403.0,70936.0,37.545303,127.10357
2548.0,115428.0,112099.0,37.538397,127.123572
2549.0,118387.0,112348.0,37.535804,127.132481
2550.0,48867.0,51428.0,37.537801,127.140004
2551.0,58032.0,55764.0,37.545477,127.142853
2552.0,48940.0,50998.0,37.55137,127.143999
2553.0,51397.0,51332.0,37.555004,127.154151
2554.0,95525.0,90015.0,37.556712,127.166417
2555.0,50547.0,51304.0,37.527788,127.136248
2556.0,24132.0,21051.0,37.516078,127.130848
2557.0,42643.0,43277.0,37.508857,127.126133
2558.0,22206.0,21285.0,37.502162,127.128111
2559.0,37472.0,39931.0,37.498079,127.13482
2560.0,46440.0,45144.0,37.493105,127.14415
2561.0,37179.0,38102.0,37.49499,127.152781
2563.0,85330.0,85849.0,37.563118,127.192932
2564.0,30816.0,32081.0,37.552059,127.20388
2611.0,104575.0,106361.0,37.598605,126.915577
2612.0,22744.0,26517.0,37.606021,126.922744
2613.0,26382.0,26337.0,37.610469,126.929887
2614.0,17315.0,19149.0,37.618456,126.933031
2615.0,0.0,0.0,37.619001,126.921008
2616.0,42308.0,33794.0,37.611377,126.91727
2617.0,74896.0,71905.0,37.591148,126.913629
2618.0,60774.0,61503.0,37.583876,126.909645
2619.0,77588.0,85597.0,37.576646,126.900984
2620.0,27205.0,27575.0,37.569532,126.899298
2621.0,82456.0,76298.0,37.563515,126.903343
2622.0,81570.0,89051.0,37.556094,126.910052
2623.0,73138.0,69910.0,37.549463,126.913739
2624.0,44940.0,48895.0,37.547716,126.922852
2625.0,48262.0,47241.0,37.547456,126.931993
2626.0,44245.0,45720.0,37.547771,126.942069
2627.0,98975.0,95642.0,37.544018,126.951592
2628.0,40046.0,37085.0,37.539261,126.961351
2629.0,31015.0,27239.0,37.534777,126.97311
2630.0,27388.0,26732.0,37.534675,126.986695
2631.0,54648.0,55362.0,37.534488,126.994302
2632.0,40974.0,44576.0,37.539631,127.001725
2633.0,13779.0,13680.0,37.548013,127.007055
2634.0,20241.0,20311.0,37.55434,127.010655
2635.0,22291.0,23078.0,37.560245,127.013828
2636.0,43809.0,46795.0,37.565972,127.01782
2637.0,50599.0,50753.0,37.572627,127.016429
2638.0,20288.0,16867.0,37.579661,127.015241
2639.0,42870.0,40690.0,37.585286,127.019381
2640.0,54267.0,53811.0,37.586272,127.029005
2641.0,44314.0,43855.0,37.590508,127.036296
2642.0,65114.0,65619.0,37.601948,127.041518
2643.0,36434.0,33298.0,37.606377,127.048491
2644.0,50163.0,47945.0,37.610537,127.056431
2645.0,73647.0,75569.0,37.614805,127.065851
2646.0,30953.0,33463.0,37.617983,127.07512
2647.0,61231.0,50035.0,37.620064,127.084689
2648.0,52337.0,50252.0,37.617283,127.091401
2649.0,0.0,0.0,37.612668,127.103213
2711.0,13357.0,5640.0,37.700109,127.053196
2712.0,53994.0,67060.0,37.689313,127.046222
2713.0,77880.0,78888.0,37.67785,127.055315
2714.0,74566.0,73319.0,37.66494,127.057675
2715.0,119527.0,121813.0,37.655128,127.061368
2716.0,82349.0,76124.0,37.644583,127.064303
2717.0,102554.0,99278.0,37.636352,127.06799
2718.0,68634.0,69884.0,37.625742,127.072896
2719.0,48161.0,44407.0,37.617983,127.07512
2720.0,62051.0,62082.0,37.610637,127.077725
2721.0,67309.0,67043.0,37.602545,127.079264
2722.0,104143.0,98924.0,37.596362,127.085032
2723.0,94319.0,95089.0,37.588579,127.087503
2724.0,101398.0,102462.0,37.580894,127.088478
2725.0,36821.0,36536.0,37.573647,127.086727
2726.0,59762.0,58638.0,37.565923,127.08432
2727.0,88527.0,72249.0,37.557121,127.079542
2728.0,74521.0,73962.0,37.548014,127.074658
2729.0,78881.0,78993.0,37.540693,127.07023
2730.0,41955.0,41712.0,37.53154,127.066704
2731.0,113264.0,120472.0,37.519365,127.05335
2732.0,91950.0,98125.0,37.517186,127.04128
2733.0,135561.0,139346.0,37.514229,127.031656
2734.0,115126.0,122250.0,37.511093,127.021415
2735.0,34286.0,32886.0,37.508178,127.011727
2736.0,95438.0,77703.0,37.50481,127.004943
2737.0,85921.0,86030.0,37.487618,126.993513
2738.0,93715.0,90236.0,37.486263,126.981989
2739.0,69525.0,67077.0,37.484596,126.971251
2740.0,71923.0,74727.0,37.496029,126.953822
2741.0,62728.0,62012.0,37.502834,126.94791
2742.0,60478.0,59386.0,37.504898,126.93915
2743.0,100330.0,99330.0,37.499701,126.928276
2744.0,56544.0,56169.0,37.499872,126.920428
2745.0,72908.0,70933.0,37.50008,126.90993
2746.0,53100.0,52388.0,37.49297,126.895801
2747.0,99650.0,103206.0,37.486056,126.887249
2748.0,265192.0,257460.0,37.481072,126.882343
2749.0,129702.0,131752.0,37.47605,126.867911
2750.0,141018.0,140979.0,37.479252,126.854876
2751.0,64367.0,62245.0,37.486637,126.838713
2752.0,60717.0,57594.0,37.492258,126.823388
2753.0,43469.0,43033.0,37.506207,126.810939
2754.0,27440.0,24638.0,37.50538,126.797337
2755.0,58610.0,57890.0,37.503663,126.787036
2756.0,84768.0,83356.0,37.503048,126.77596
2757.0,75648.0,75108.0,37.504631,126.763538
2758.0,74139.0,75648.0,37.505781,126.753083
2759.0,27122.0,25180.0,37.506411,126.742153
2760.0,52720.0,55640.0,37.506997,126.73128
2761.0,67151.0,57387.0,37.508336,126.720548
2811.0,114083.0,105417.0,37.55021,127.127562
2812.0,98579.0,111265.0,37.538397,127.123572
2813.0,64786.0,67658.0,37.530341,127.120508
2814.0,36096.0,37090.0,37.517409,127.112359
2815.0,92941.0,99757.0,37.51395,127.102234
2816.0,48062.0,54539.0,37.505431,127.106979
2817.0,48577.0,50001.0,37.499703,127.112183
2818.0,49942.0,54802.0,37.492522,127.118234
2819.0,124913.0,128609.0,37.485855,127.1225
2820.0,113374.0,112237.0,37.478703,127.126191
2821.0,63633.0,57400.0,37.470047,127.126662
2822.0,45505.0,46396.0,37.457122,127.149908
2823.0,86414.0,82036.0,37.451535,127.159816
2824.0,72176.0,69737.0,37.44521,127.156866
2825.0,34085.0,35295.0,37.440918,127.147564
2826.0,36842.0,34061.0,37.437428,127.140722
2827.0,32722.0,23925.0,37.43213,127.129087
